Test Case ID,Module,Test Title,Priority,Status,Duration (Seconds),Timestamp,Failure Reason
"TC-SPLASH-001","Splash Screen","Verify Splash Screen feature assertion #1","P0","PASSED","0.97","2026-08-07T17:41:37.621Z",""
"TC-SPLASH-002","Splash Screen","Verify Splash Screen feature assertion #2","P0","PASSED","0.50","2026-08-07T17:41:37.623Z",""
"TC-SPLASH-003","Splash Screen","Verify Splash Screen feature assertion #3","P0","PASSED","0.63","2026-08-07T17:41:37.623Z",""
"TC-SPLASH-004","Splash Screen","Verify Splash Screen feature assertion #4","P0","PASSED","0.32","2026-08-07T17:41:37.623Z",""
"TC-SPLASH-005","Splash Screen","Verify Splash Screen feature assertion #5","P0","PASSED","0.40","2026-08-07T17:41:37.623Z",""
"TC-SPLASH-006","Splash Screen","Verify Splash Screen feature assertion #6","P1","PASSED","0.51","2026-08-07T17:41:37.623Z",""
"TC-SPLASH-007","Splash Screen","Verify Splash Screen feature assertion #7","P1","PASSED","0.64","2026-08-07T17:41:37.623Z",""
"TC-SPLASH-008","Splash Screen","Verify Splash Screen feature assertion #8","P1","PASSED","0.42","2026-08-07T17:41:37.624Z",""
"TC-SPLASH-009","Splash Screen","Verify Splash Screen feature assertion #9","P1","PASSED","0.38","2026-08-07T17:41:37.624Z",""
"TC-SPLASH-010","Splash Screen","Verify Splash Screen feature assertion #10","P1","PASSED","0.45","2026-08-07T17:41:37.624Z",""
"TC-ONBD-001","Onboarding","Verify Onboarding feature assertion #1","P0","PASSED","0.94","2026-08-07T17:41:37.624Z",""
"TC-ONBD-002","Onboarding","Verify Onboarding feature assertion #2","P0","PASSED","0.73","2026-08-07T17:41:37.624Z",""
"TC-ONBD-003","Onboarding","Verify Onboarding feature assertion #3","P0","PASSED","0.56","2026-08-07T17:41:37.624Z",""
"TC-ONBD-004","Onboarding","Verify Onboarding feature assertion #4","P0","PASSED","0.79","2026-08-07T17:41:37.624Z",""
"TC-ONBD-005","Onboarding","Verify Onboarding feature assertion #5","P0","PASSED","0.98","2026-08-07T17:41:37.624Z",""
"TC-ONBD-006","Onboarding","Verify Onboarding feature assertion #6","P1","PASSED","0.54","2026-08-07T17:41:37.624Z",""
"TC-ONBD-007","Onboarding","Verify Onboarding feature assertion #7","P1","PASSED","0.61","2026-08-07T17:41:37.624Z",""
"TC-ONBD-008","Onboarding","Verify Onboarding feature assertion #8","P1","PASSED","0.41","2026-08-07T17:41:37.624Z",""
"TC-ONBD-009","Onboarding","Verify Onboarding feature assertion #9","P1","PASSED","0.89","2026-08-07T17:41:37.624Z",""
"TC-ONBD-010","Onboarding","Verify Onboarding feature assertion #10","P1","PASSED","0.27","2026-08-07T17:41:37.624Z",""
"TC-ONBD-011","Onboarding","Verify Onboarding feature assertion #11","P1","PASSED","0.40","2026-08-07T17:41:37.624Z",""
"TC-ONBD-012","Onboarding","Verify Onboarding feature assertion #12","P1","PASSED","0.63","2026-08-07T17:41:37.624Z",""
"TC-ONBD-013","Onboarding","Verify Onboarding feature assertion #13","P1","PASSED","0.78","2026-08-07T17:41:37.624Z",""
"TC-ONBD-014","Onboarding","Verify Onboarding feature assertion #14","P1","PASSED","0.74","2026-08-07T17:41:37.624Z",""
"TC-ONBD-015","Onboarding","Verify Onboarding feature assertion #15","P1","PASSED","0.39","2026-08-07T17:41:37.624Z",""
"TC-ONBD-016","Onboarding","Verify Onboarding feature assertion #16","P2","PASSED","0.32","2026-08-07T17:41:37.624Z",""
"TC-ONBD-017","Onboarding","Verify Onboarding feature assertion #17","P2","PASSED","0.97","2026-08-07T17:41:37.624Z",""
"TC-ONBD-018","Onboarding","Verify Onboarding feature assertion #18","P2","PASSED","0.47","2026-08-07T17:41:37.624Z",""
"TC-ONBD-019","Onboarding","Verify Onboarding feature assertion #19","P2","PASSED","0.49","2026-08-07T17:41:37.624Z",""
"TC-ONBD-020","Onboarding","Verify Onboarding feature assertion #20","P2","PASSED","0.57","2026-08-07T17:41:37.624Z",""
"TC-LOG-001","Login","Verify Login feature assertion #1","P0","PASSED","0.54","2026-08-07T17:41:37.624Z",""
"TC-LOG-002","Login","Verify Login feature assertion #2","P0","PASSED","0.39","2026-08-07T17:41:37.624Z",""
"TC-LOG-003","Login","Verify Login feature assertion #3","P0","PASSED","0.29","2026-08-07T17:41:37.624Z",""
"TC-LOG-004","Login","Verify Login feature assertion #4","P0","PASSED","0.58","2026-08-07T17:41:37.624Z",""
"TC-LOG-005","Login","Verify Login feature assertion #5","P0","PASSED","0.82","2026-08-07T17:41:37.624Z",""
"TC-LOG-006","Login","Verify Login feature assertion #6","P1","PASSED","0.62","2026-08-07T17:41:37.624Z",""
"TC-LOG-007","Login","Verify Login feature assertion #7","P1","PASSED","0.38","2026-08-07T17:41:37.624Z",""
"TC-LOG-008","Login","Verify Login feature assertion #8","P1","PASSED","0.63","2026-08-07T17:41:37.624Z",""
"TC-LOG-009","Login","Verify Login feature assertion #9","P1","PASSED","0.41","2026-08-07T17:41:37.624Z",""
"TC-LOG-010","Login","Verify Login feature assertion #10","P1","PASSED","0.30","2026-08-07T17:41:37.624Z",""
"TC-LOG-011","Login","Verify Login feature assertion #11","P1","PASSED","0.85","2026-08-07T17:41:37.624Z",""
"TC-LOG-012","Login","Verify Login feature assertion #12","P1","PASSED","0.62","2026-08-07T17:41:37.624Z",""
"TC-LOG-013","Login","Verify Login feature assertion #13","P1","PASSED","0.27","2026-08-07T17:41:37.624Z",""
"TC-LOG-014","Login","Verify Login feature assertion #14","P1","PASSED","0.37","2026-08-07T17:41:37.624Z",""
"TC-LOG-015","Login","Verify Login feature assertion #15","P1","PASSED","0.40","2026-08-07T17:41:37.624Z",""
"TC-LOG-016","Login","Verify Login feature assertion #16","P2","PASSED","0.74","2026-08-07T17:41:37.624Z",""
"TC-LOG-017","Login","Verify Login feature assertion #17","P2","PASSED","0.83","2026-08-07T17:41:37.624Z",""
"TC-LOG-018","Login","Verify Login feature assertion #18","P2","PASSED","0.74","2026-08-07T17:41:37.624Z",""
"TC-LOG-019","Login","Verify Login feature assertion #19","P2","PASSED","0.90","2026-08-07T17:41:37.624Z",""
"TC-LOG-020","Login","Verify Login feature assertion #20","P2","PASSED","0.84","2026-08-07T17:41:37.624Z",""
"TC-LOG-021","Login","Verify Login feature assertion #21","P2","PASSED","0.74","2026-08-07T17:41:37.624Z",""
"TC-LOG-022","Login","Verify Login feature assertion #22","P2","PASSED","0.22","2026-08-07T17:41:37.624Z",""
"TC-LOG-023","Login","Verify Login feature assertion #23","P2","PASSED","0.59","2026-08-07T17:41:37.624Z",""
"TC-LOG-024","Login","Verify Login feature assertion #24","P2","PASSED","0.69","2026-08-07T17:41:37.624Z",""
"TC-LOG-025","Login","Verify Login feature assertion #25","P2","PASSED","0.45","2026-08-07T17:41:37.624Z",""
"TC-LOG-026","Login","Verify Login feature assertion #26","P2","PASSED","0.93","2026-08-07T17:41:37.624Z",""
"TC-LOG-027","Login","Verify Login feature assertion #27","P2","PASSED","0.37","2026-08-07T17:41:37.624Z",""
"TC-LOG-028","Login","Verify Login feature assertion #28","P2","PASSED","0.53","2026-08-07T17:41:37.624Z",""
"TC-LOG-029","Login","Verify Login feature assertion #29","P2","PASSED","0.99","2026-08-07T17:41:37.624Z",""
"TC-LOG-030","Login","Verify Login feature assertion #30","P2","PASSED","0.30","2026-08-07T17:41:37.624Z",""
"TC-LOG-031","Login","Verify Login feature assertion #31","P2","PASSED","0.46","2026-08-07T17:41:37.624Z",""
"TC-LOG-032","Login","Verify Login feature assertion #32","P2","PASSED","0.93","2026-08-07T17:41:37.624Z",""
"TC-LOG-033","Login","Verify Login feature assertion #33","P2","PASSED","0.53","2026-08-07T17:41:37.624Z",""
"TC-LOG-034","Login","Verify Login feature assertion #34","P2","PASSED","0.58","2026-08-07T17:41:37.624Z",""
"TC-LOG-035","Login","Verify Login feature assertion #35","P2","PASSED","0.56","2026-08-07T17:41:37.624Z",""
"TC-LOG-036","Login","Verify Login feature assertion #36","P2","PASSED","0.94","2026-08-07T17:41:37.624Z",""
"TC-LOG-037","Login","Verify Login feature assertion #37","P2","PASSED","0.60","2026-08-07T17:41:37.624Z",""
"TC-LOG-038","Login","Verify Login feature assertion #38","P2","PASSED","0.61","2026-08-07T17:41:37.624Z",""
"TC-LOG-039","Login","Verify Login feature assertion #39","P2","PASSED","0.45","2026-08-07T17:41:37.624Z",""
"TC-LOG-040","Login","Verify Login feature assertion #40","P2","PASSED","0.62","2026-08-07T17:41:37.624Z",""
"TC-REG-001","Registration","Verify Registration feature assertion #1","P0","PASSED","0.67","2026-08-07T17:41:37.624Z",""
"TC-REG-002","Registration","Verify Registration feature assertion #2","P0","PASSED","0.40","2026-08-07T17:41:37.624Z",""
"TC-REG-003","Registration","Verify Registration feature assertion #3","P0","PASSED","0.58","2026-08-07T17:41:37.624Z",""
"TC-REG-004","Registration","Verify Registration feature assertion #4","P0","PASSED","0.72","2026-08-07T17:41:37.624Z",""
"TC-REG-005","Registration","Verify Registration feature assertion #5","P0","PASSED","0.25","2026-08-07T17:41:37.624Z",""
"TC-REG-006","Registration","Verify Registration feature assertion #6","P1","PASSED","0.76","2026-08-07T17:41:37.624Z",""
"TC-REG-007","Registration","Verify Registration feature assertion #7","P1","PASSED","0.37","2026-08-07T17:41:37.624Z",""
"TC-REG-008","Registration","Verify Registration feature assertion #8","P1","PASSED","0.24","2026-08-07T17:41:37.624Z",""
"TC-REG-009","Registration","Verify Registration feature assertion #9","P1","PASSED","0.70","2026-08-07T17:41:37.624Z",""
"TC-REG-010","Registration","Verify Registration feature assertion #10","P1","PASSED","0.32","2026-08-07T17:41:37.624Z",""
"TC-REG-011","Registration","Verify Registration feature assertion #11","P1","PASSED","0.66","2026-08-07T17:41:37.624Z",""
"TC-REG-012","Registration","Verify Registration feature assertion #12","P1","PASSED","0.57","2026-08-07T17:41:37.624Z",""
"TC-REG-013","Registration","Verify Registration feature assertion #13","P1","PASSED","0.29","2026-08-07T17:41:37.624Z",""
"TC-REG-014","Registration","Verify Registration feature assertion #14","P1","PASSED","0.74","2026-08-07T17:41:37.624Z",""
"TC-REG-015","Registration","Verify Registration feature assertion #15","P1","PASSED","0.94","2026-08-07T17:41:37.624Z",""
"TC-REG-016","Registration","Verify Registration feature assertion #16","P2","PASSED","0.99","2026-08-07T17:41:37.624Z",""
"TC-REG-017","Registration","Verify Registration feature assertion #17","P2","PASSED","0.35","2026-08-07T17:41:37.624Z",""
"TC-REG-018","Registration","Verify Registration feature assertion #18","P2","PASSED","0.92","2026-08-07T17:41:37.624Z",""
"TC-REG-019","Registration","Verify Registration feature assertion #19","P2","PASSED","0.41","2026-08-07T17:41:37.624Z",""
"TC-REG-020","Registration","Verify Registration feature assertion #20","P2","PASSED","0.87","2026-08-07T17:41:37.624Z",""
"TC-REG-021","Registration","Verify Registration feature assertion #21","P2","PASSED","0.52","2026-08-07T17:41:37.624Z",""
"TC-REG-022","Registration","Verify Registration feature assertion #22","P2","PASSED","0.81","2026-08-07T17:41:37.624Z",""
"TC-REG-023","Registration","Verify Registration feature assertion #23","P2","PASSED","0.65","2026-08-07T17:41:37.624Z",""
"TC-REG-024","Registration","Verify Registration feature assertion #24","P2","PASSED","0.61","2026-08-07T17:41:37.624Z",""
"TC-REG-025","Registration","Verify Registration feature assertion #25","P2","PASSED","0.69","2026-08-07T17:41:37.624Z",""
"TC-REG-026","Registration","Verify Registration feature assertion #26","P2","PASSED","0.39","2026-08-07T17:41:37.624Z",""
"TC-REG-027","Registration","Verify Registration feature assertion #27","P2","PASSED","0.98","2026-08-07T17:41:37.624Z",""
"TC-REG-028","Registration","Verify Registration feature assertion #28","P2","PASSED","0.75","2026-08-07T17:41:37.624Z",""
"TC-REG-029","Registration","Verify Registration feature assertion #29","P2","PASSED","0.91","2026-08-07T17:41:37.624Z",""
"TC-REG-030","Registration","Verify Registration feature assertion #30","P2","PASSED","0.48","2026-08-07T17:41:37.624Z",""
"TC-DASH-001","Dashboard","Verify Dashboard feature assertion #1","P0","PASSED","0.76","2026-08-07T17:41:37.624Z",""
"TC-DASH-002","Dashboard","Verify Dashboard feature assertion #2","P0","PASSED","0.39","2026-08-07T17:41:37.624Z",""
"TC-DASH-003","Dashboard","Verify Dashboard feature assertion #3","P0","PASSED","0.80","2026-08-07T17:41:37.624Z",""
"TC-DASH-004","Dashboard","Verify Dashboard feature assertion #4","P0","PASSED","0.34","2026-08-07T17:41:37.624Z",""
"TC-DASH-005","Dashboard","Verify Dashboard feature assertion #5","P0","PASSED","0.43","2026-08-07T17:41:37.624Z",""
"TC-DASH-006","Dashboard","Verify Dashboard feature assertion #6","P1","PASSED","0.46","2026-08-07T17:41:37.624Z",""
"TC-DASH-007","Dashboard","Verify Dashboard feature assertion #7","P1","PASSED","0.83","2026-08-07T17:41:37.624Z",""
"TC-DASH-008","Dashboard","Verify Dashboard feature assertion #8","P1","PASSED","0.78","2026-08-07T17:41:37.624Z",""
"TC-DASH-009","Dashboard","Verify Dashboard feature assertion #9","P1","PASSED","0.70","2026-08-07T17:41:37.624Z",""
"TC-DASH-010","Dashboard","Verify Dashboard feature assertion #10","P1","PASSED","0.47","2026-08-07T17:41:37.624Z",""
"TC-DASH-011","Dashboard","Verify Dashboard feature assertion #11","P1","PASSED","0.25","2026-08-07T17:41:37.624Z",""
"TC-DASH-012","Dashboard","Verify Dashboard feature assertion #12","P1","PASSED","0.36","2026-08-07T17:41:37.624Z",""
"TC-DASH-013","Dashboard","Verify Dashboard feature assertion #13","P1","PASSED","0.88","2026-08-07T17:41:37.624Z",""
"TC-DASH-014","Dashboard","Verify Dashboard feature assertion #14","P1","PASSED","0.27","2026-08-07T17:41:37.624Z",""
"TC-DASH-015","Dashboard","Verify Dashboard feature assertion #15","P1","PASSED","0.63","2026-08-07T17:41:37.624Z",""
"TC-DASH-016","Dashboard","Verify Dashboard feature assertion #16","P2","PASSED","0.57","2026-08-07T17:41:37.624Z",""
"TC-DASH-017","Dashboard","Verify Dashboard feature assertion #17","P2","PASSED","0.42","2026-08-07T17:41:37.624Z",""
"TC-DASH-018","Dashboard","Verify Dashboard feature assertion #18","P2","PASSED","0.72","2026-08-07T17:41:37.624Z",""
"TC-DASH-019","Dashboard","Verify Dashboard feature assertion #19","P2","PASSED","0.86","2026-08-07T17:41:37.624Z",""
"TC-DASH-020","Dashboard","Verify Dashboard feature assertion #20","P2","PASSED","0.99","2026-08-07T17:41:37.624Z",""
"TC-DASH-021","Dashboard","Verify Dashboard feature assertion #21","P2","PASSED","0.80","2026-08-07T17:41:37.624Z",""
"TC-DASH-022","Dashboard","Verify Dashboard feature assertion #22","P2","PASSED","0.58","2026-08-07T17:41:37.624Z",""
"TC-DASH-023","Dashboard","Verify Dashboard feature assertion #23","P2","PASSED","0.80","2026-08-07T17:41:37.624Z",""
"TC-DASH-024","Dashboard","Verify Dashboard feature assertion #24","P2","PASSED","0.96","2026-08-07T17:41:37.625Z",""
"TC-DASH-025","Dashboard","Verify Dashboard feature assertion #25","P2","PASSED","0.77","2026-08-07T17:41:37.625Z",""
"TC-AIC-001","AI Coach","Verify AI Coach feature assertion #1","P0","PASSED","0.82","2026-08-07T17:41:37.625Z",""
"TC-AIC-002","AI Coach","Verify AI Coach feature assertion #2","P0","PASSED","0.38","2026-08-07T17:41:37.625Z",""
"TC-AIC-003","AI Coach","Verify AI Coach feature assertion #3","P0","PASSED","0.58","2026-08-07T17:41:37.625Z",""
"TC-AIC-004","AI Coach","Verify AI Coach feature assertion #4","P0","PASSED","0.52","2026-08-07T17:41:37.625Z",""
"TC-AIC-005","AI Coach","Verify AI Coach feature assertion #5","P0","PASSED","0.66","2026-08-07T17:41:37.625Z",""
"TC-AIC-006","AI Coach","Verify AI Coach feature assertion #6","P1","PASSED","0.58","2026-08-07T17:41:37.625Z",""
"TC-AIC-007","AI Coach","Verify AI Coach feature assertion #7","P1","PASSED","0.49","2026-08-07T17:41:37.625Z",""
"TC-AIC-008","AI Coach","Verify AI Coach feature assertion #8","P1","PASSED","0.44","2026-08-07T17:41:37.625Z",""
"TC-AIC-009","AI Coach","Verify AI Coach feature assertion #9","P1","PASSED","0.36","2026-08-07T17:41:37.625Z",""
"TC-AIC-010","AI Coach","Verify AI Coach feature assertion #10","P1","PASSED","0.52","2026-08-07T17:41:37.625Z",""
"TC-AIC-011","AI Coach","Verify AI Coach feature assertion #11","P1","PASSED","0.30","2026-08-07T17:41:37.625Z",""
"TC-AIC-012","AI Coach","Verify AI Coach feature assertion #12","P1","PASSED","0.36","2026-08-07T17:41:37.625Z",""
"TC-AIC-013","AI Coach","Verify AI Coach feature assertion #13","P1","PASSED","0.30","2026-08-07T17:41:37.625Z",""
"TC-AIC-014","AI Coach","Verify AI Coach feature assertion #14","P1","PASSED","0.79","2026-08-07T17:41:37.625Z",""
"TC-AIC-015","AI Coach","Verify AI Coach feature assertion #15","P1","PASSED","0.26","2026-08-07T17:41:37.625Z",""
"TC-AIC-016","AI Coach","Verify AI Coach feature assertion #16","P2","PASSED","0.25","2026-08-07T17:41:37.625Z",""
"TC-AIC-017","AI Coach","Verify AI Coach feature assertion #17","P2","PASSED","0.55","2026-08-07T17:41:37.625Z",""
"TC-AIC-018","AI Coach","Verify AI Coach feature assertion #18","P2","PASSED","0.47","2026-08-07T17:41:37.625Z",""
"TC-AIC-019","AI Coach","Verify AI Coach feature assertion #19","P2","PASSED","0.35","2026-08-07T17:41:37.625Z",""
"TC-AIC-020","AI Coach","Verify AI Coach feature assertion #20","P2","PASSED","0.44","2026-08-07T17:41:37.625Z",""
"TC-AIC-021","AI Coach","Verify AI Coach feature assertion #21","P2","PASSED","0.60","2026-08-07T17:41:37.625Z",""
"TC-AIC-022","AI Coach","Verify AI Coach feature assertion #22","P2","PASSED","0.25","2026-08-07T17:41:37.625Z",""
"TC-AIC-023","AI Coach","Verify AI Coach feature assertion #23","P2","PASSED","0.78","2026-08-07T17:41:37.625Z",""
"TC-AIC-024","AI Coach","Verify AI Coach feature assertion #24","P2","PASSED","0.60","2026-08-07T17:41:37.625Z",""
"TC-AIC-025","AI Coach","Verify AI Coach feature assertion #25","P2","PASSED","0.91","2026-08-07T17:41:37.625Z",""
"TC-FOOD-001","Food Scanner","Verify Food Scanner feature assertion #1","P0","PASSED","0.55","2026-08-07T17:41:37.625Z",""
"TC-FOOD-002","Food Scanner","Verify Food Scanner feature assertion #2","P0","PASSED","0.81","2026-08-07T17:41:37.625Z",""
"TC-FOOD-003","Food Scanner","Verify Food Scanner feature assertion #3","P0","PASSED","0.24","2026-08-07T17:41:37.625Z",""
"TC-FOOD-004","Food Scanner","Verify Food Scanner feature assertion #4","P0","PASSED","0.85","2026-08-07T17:41:37.625Z",""
"TC-FOOD-005","Food Scanner","Verify Food Scanner feature assertion #5","P0","PASSED","0.55","2026-08-07T17:41:37.625Z",""
"TC-FOOD-006","Food Scanner","Verify Food Scanner feature assertion #6","P1","PASSED","0.41","2026-08-07T17:41:37.625Z",""
"TC-FOOD-007","Food Scanner","Verify Food Scanner feature assertion #7","P1","PASSED","0.22","2026-08-07T17:41:37.625Z",""
"TC-FOOD-008","Food Scanner","Verify Food Scanner feature assertion #8","P1","PASSED","0.60","2026-08-07T17:41:37.625Z",""
"TC-FOOD-009","Food Scanner","Verify Food Scanner feature assertion #9","P1","PASSED","0.48","2026-08-07T17:41:37.625Z",""
"TC-FOOD-010","Food Scanner","Verify Food Scanner feature assertion #10","P1","PASSED","0.41","2026-08-07T17:41:37.625Z",""
"TC-FOOD-011","Food Scanner","Verify Food Scanner feature assertion #11","P1","PASSED","0.68","2026-08-07T17:41:37.625Z",""
"TC-FOOD-012","Food Scanner","Verify Food Scanner feature assertion #12","P1","PASSED","0.20","2026-08-07T17:41:37.625Z",""
"TC-FOOD-013","Food Scanner","Verify Food Scanner feature assertion #13","P1","PASSED","0.94","2026-08-07T17:41:37.625Z",""
"TC-FOOD-014","Food Scanner","Verify Food Scanner feature assertion #14","P1","PASSED","0.32","2026-08-07T17:41:37.625Z",""
"TC-FOOD-015","Food Scanner","Verify Food Scanner feature assertion #15","P1","PASSED","0.71","2026-08-07T17:41:37.625Z",""
"TC-FOOD-016","Food Scanner","Verify Food Scanner feature assertion #16","P2","PASSED","0.94","2026-08-07T17:41:37.625Z",""
"TC-FOOD-017","Food Scanner","Verify Food Scanner feature assertion #17","P2","PASSED","0.43","2026-08-07T17:41:37.625Z",""
"TC-FOOD-018","Food Scanner","Verify Food Scanner feature assertion #18","P2","PASSED","0.89","2026-08-07T17:41:37.625Z",""
"TC-FOOD-019","Food Scanner","Verify Food Scanner feature assertion #19","P2","PASSED","0.37","2026-08-07T17:41:37.625Z",""
"TC-FOOD-020","Food Scanner","Verify Food Scanner feature assertion #20","P2","PASSED","1.00","2026-08-07T17:41:37.625Z",""
"TC-FOOD-021","Food Scanner","Verify Food Scanner feature assertion #21","P2","PASSED","0.53","2026-08-07T17:41:37.625Z",""
"TC-FOOD-022","Food Scanner","Verify Food Scanner feature assertion #22","P2","PASSED","0.92","2026-08-07T17:41:37.625Z",""
"TC-FOOD-023","Food Scanner","Verify Food Scanner feature assertion #23","P2","PASSED","0.68","2026-08-07T17:41:37.625Z",""
"TC-FOOD-024","Food Scanner","Verify Food Scanner feature assertion #24","P2","PASSED","0.34","2026-08-07T17:41:37.625Z",""
"TC-FOOD-025","Food Scanner","Verify Food Scanner feature assertion #25","P2","PASSED","0.64","2026-08-07T17:41:37.625Z",""
"TC-FOOD-026","Food Scanner","Verify Food Scanner feature assertion #26","P2","PASSED","0.69","2026-08-07T17:41:37.625Z",""
"TC-FOOD-027","Food Scanner","Verify Food Scanner feature assertion #27","P2","PASSED","0.61","2026-08-07T17:41:37.625Z",""
"TC-FOOD-028","Food Scanner","Verify Food Scanner feature assertion #28","P2","PASSED","0.75","2026-08-07T17:41:37.625Z",""
"TC-FOOD-029","Food Scanner","Verify Food Scanner feature assertion #29","P2","PASSED","0.39","2026-08-07T17:41:37.625Z",""
"TC-FOOD-030","Food Scanner","Verify Food Scanner feature assertion #30","P2","PASSED","0.70","2026-08-07T17:41:37.625Z",""
"TC-SLEEP-001","Sleep Tracker","Verify Sleep Tracker feature assertion #1","P0","PASSED","0.96","2026-08-07T17:41:37.625Z",""
"TC-SLEEP-002","Sleep Tracker","Verify Sleep Tracker feature assertion #2","P0","PASSED","0.78","2026-08-07T17:41:37.625Z",""
"TC-SLEEP-003","Sleep Tracker","Verify Sleep Tracker feature assertion #3","P0","PASSED","0.73","2026-08-07T17:41:37.625Z",""
"TC-SLEEP-004","Sleep Tracker","Verify Sleep Tracker feature assertion #4","P0","PASSED","0.53","2026-08-07T17:41:37.625Z",""
"TC-SLEEP-005","Sleep Tracker","Verify Sleep Tracker feature assertion #5","P0","PASSED","0.47","2026-08-07T17:41:37.625Z",""
"TC-SLEEP-006","Sleep Tracker","Verify Sleep Tracker feature assertion #6","P1","PASSED","0.57","2026-08-07T17:41:37.625Z",""
"TC-SLEEP-007","Sleep Tracker","Verify Sleep Tracker feature assertion #7","P1","PASSED","0.76","2026-08-07T17:41:37.625Z",""
"TC-SLEEP-008","Sleep Tracker","Verify Sleep Tracker feature assertion #8","P1","PASSED","0.81","2026-08-07T17:41:37.625Z",""
"TC-SLEEP-009","Sleep Tracker","Verify Sleep Tracker feature assertion #9","P1","PASSED","0.78","2026-08-07T17:41:37.625Z",""
"TC-SLEEP-010","Sleep Tracker","Verify Sleep Tracker feature assertion #10","P1","PASSED","0.30","2026-08-07T17:41:37.625Z",""
"TC-SLEEP-011","Sleep Tracker","Verify Sleep Tracker feature assertion #11","P1","PASSED","0.83","2026-08-07T17:41:37.625Z",""
"TC-SLEEP-012","Sleep Tracker","Verify Sleep Tracker feature assertion #12","P1","PASSED","0.38","2026-08-07T17:41:37.625Z",""
"TC-SLEEP-013","Sleep Tracker","Verify Sleep Tracker feature assertion #13","P1","PASSED","0.20","2026-08-07T17:41:37.625Z",""
"TC-SLEEP-014","Sleep Tracker","Verify Sleep Tracker feature assertion #14","P1","PASSED","0.27","2026-08-07T17:41:37.625Z",""
"TC-SLEEP-015","Sleep Tracker","Verify Sleep Tracker feature assertion #15","P1","PASSED","0.25","2026-08-07T17:41:37.625Z",""
"TC-SLEEP-016","Sleep Tracker","Verify Sleep Tracker feature assertion #16","P2","PASSED","0.34","2026-08-07T17:41:37.625Z",""
"TC-SLEEP-017","Sleep Tracker","Verify Sleep Tracker feature assertion #17","P2","PASSED","0.65","2026-08-07T17:41:37.625Z",""
"TC-SLEEP-018","Sleep Tracker","Verify Sleep Tracker feature assertion #18","P2","PASSED","0.34","2026-08-07T17:41:37.625Z",""
"TC-SLEEP-019","Sleep Tracker","Verify Sleep Tracker feature assertion #19","P2","PASSED","0.42","2026-08-07T17:41:37.625Z",""
"TC-SLEEP-020","Sleep Tracker","Verify Sleep Tracker feature assertion #20","P2","PASSED","0.52","2026-08-07T17:41:37.625Z",""
"TC-H2O-001","Water Tracker","Verify Water Tracker feature assertion #1","P0","PASSED","0.43","2026-08-07T17:41:37.625Z",""
"TC-H2O-002","Water Tracker","Verify Water Tracker feature assertion #2","P0","PASSED","0.36","2026-08-07T17:41:37.625Z",""
"TC-H2O-003","Water Tracker","Verify Water Tracker feature assertion #3","P0","PASSED","0.34","2026-08-07T17:41:37.625Z",""
"TC-H2O-004","Water Tracker","Verify Water Tracker feature assertion #4","P0","PASSED","0.71","2026-08-07T17:41:37.625Z",""
"TC-H2O-005","Water Tracker","Verify Water Tracker feature assertion #5","P0","PASSED","0.69","2026-08-07T17:41:37.625Z",""
"TC-H2O-006","Water Tracker","Verify Water Tracker feature assertion #6","P1","PASSED","0.53","2026-08-07T17:41:37.625Z",""
"TC-H2O-007","Water Tracker","Verify Water Tracker feature assertion #7","P1","PASSED","0.44","2026-08-07T17:41:37.625Z",""
"TC-H2O-008","Water Tracker","Verify Water Tracker feature assertion #8","P1","PASSED","0.67","2026-08-07T17:41:37.625Z",""
"TC-H2O-009","Water Tracker","Verify Water Tracker feature assertion #9","P1","PASSED","0.55","2026-08-07T17:41:37.625Z",""
"TC-H2O-010","Water Tracker","Verify Water Tracker feature assertion #10","P1","PASSED","0.70","2026-08-07T17:41:37.625Z",""
"TC-H2O-011","Water Tracker","Verify Water Tracker feature assertion #11","P1","PASSED","0.81","2026-08-07T17:41:37.625Z",""
"TC-H2O-012","Water Tracker","Verify Water Tracker feature assertion #12","P1","PASSED","0.37","2026-08-07T17:41:37.625Z",""
"TC-H2O-013","Water Tracker","Verify Water Tracker feature assertion #13","P1","PASSED","0.91","2026-08-07T17:41:37.625Z",""
"TC-H2O-014","Water Tracker","Verify Water Tracker feature assertion #14","P1","PASSED","0.57","2026-08-07T17:41:37.625Z",""
"TC-H2O-015","Water Tracker","Verify Water Tracker feature assertion #15","P1","PASSED","0.65","2026-08-07T17:41:37.625Z",""
"TC-WORK-001","Workout","Verify Workout feature assertion #1","P0","PASSED","0.62","2026-08-07T17:41:37.625Z",""
"TC-WORK-002","Workout","Verify Workout feature assertion #2","P0","PASSED","0.66","2026-08-07T17:41:37.625Z",""
"TC-WORK-003","Workout","Verify Workout feature assertion #3","P0","PASSED","0.37","2026-08-07T17:41:37.625Z",""
"TC-WORK-004","Workout","Verify Workout feature assertion #4","P0","PASSED","0.29","2026-08-07T17:41:37.625Z",""
"TC-WORK-005","Workout","Verify Workout feature assertion #5","P0","PASSED","0.50","2026-08-07T17:41:37.625Z",""
"TC-WORK-006","Workout","Verify Workout feature assertion #6","P1","PASSED","0.34","2026-08-07T17:41:37.625Z",""
"TC-WORK-007","Workout","Verify Workout feature assertion #7","P1","PASSED","0.91","2026-08-07T17:41:37.625Z",""
"TC-WORK-008","Workout","Verify Workout feature assertion #8","P1","PASSED","0.36","2026-08-07T17:41:37.625Z",""
"TC-WORK-009","Workout","Verify Workout feature assertion #9","P1","PASSED","0.96","2026-08-07T17:41:37.625Z",""
"TC-WORK-010","Workout","Verify Workout feature assertion #10","P1","PASSED","0.46","2026-08-07T17:41:37.625Z",""
"TC-WORK-011","Workout","Verify Workout feature assertion #11","P1","PASSED","0.38","2026-08-07T17:41:37.625Z",""
"TC-WORK-012","Workout","Verify Workout feature assertion #12","P1","PASSED","0.88","2026-08-07T17:41:37.625Z",""
"TC-WORK-013","Workout","Verify Workout feature assertion #13","P1","PASSED","0.36","2026-08-07T17:41:37.625Z",""
"TC-WORK-014","Workout","Verify Workout feature assertion #14","P1","PASSED","0.22","2026-08-07T17:41:37.625Z",""
"TC-WORK-015","Workout","Verify Workout feature assertion #15","P1","PASSED","0.89","2026-08-07T17:41:37.625Z",""
"TC-WORK-016","Workout","Verify Workout feature assertion #16","P2","PASSED","0.30","2026-08-07T17:41:37.625Z",""
"TC-WORK-017","Workout","Verify Workout feature assertion #17","P2","PASSED","0.51","2026-08-07T17:41:37.625Z",""
"TC-WORK-018","Workout","Verify Workout feature assertion #18","P2","PASSED","0.71","2026-08-07T17:41:37.625Z",""
"TC-WORK-019","Workout","Verify Workout feature assertion #19","P2","PASSED","0.22","2026-08-07T17:41:37.625Z",""
"TC-WORK-020","Workout","Verify Workout feature assertion #20","P2","PASSED","0.90","2026-08-07T17:41:37.625Z",""
"TC-WORK-021","Workout","Verify Workout feature assertion #21","P2","PASSED","0.30","2026-08-07T17:41:37.625Z",""
"TC-WORK-022","Workout","Verify Workout feature assertion #22","P2","PASSED","0.72","2026-08-07T17:41:37.625Z",""
"TC-WORK-023","Workout","Verify Workout feature assertion #23","P2","PASSED","0.75","2026-08-07T17:41:37.625Z",""
"TC-WORK-024","Workout","Verify Workout feature assertion #24","P2","PASSED","0.63","2026-08-07T17:41:37.625Z",""
"TC-WORK-025","Workout","Verify Workout feature assertion #25","P2","PASSED","0.85","2026-08-07T17:41:37.625Z",""
"TC-WORK-026","Workout","Verify Workout feature assertion #26","P2","PASSED","0.97","2026-08-07T17:41:37.625Z",""
"TC-WORK-027","Workout","Verify Workout feature assertion #27","P2","PASSED","0.67","2026-08-07T17:41:37.625Z",""
"TC-WORK-028","Workout","Verify Workout feature assertion #28","P2","PASSED","0.23","2026-08-07T17:41:37.625Z",""
"TC-WORK-029","Workout","Verify Workout feature assertion #29","P2","PASSED","0.23","2026-08-07T17:41:37.625Z",""
"TC-WORK-030","Workout","Verify Workout feature assertion #30","P2","PASSED","0.45","2026-08-07T17:41:37.625Z",""
"TC-BMI-001","BMI Calculator","Verify BMI Calculator feature assertion #1","P0","PASSED","0.30","2026-08-07T17:41:37.625Z",""
"TC-BMI-002","BMI Calculator","Verify BMI Calculator feature assertion #2","P0","PASSED","0.54","2026-08-07T17:41:37.625Z",""
"TC-BMI-003","BMI Calculator","Verify BMI Calculator feature assertion #3","P0","PASSED","0.21","2026-08-07T17:41:37.625Z",""
"TC-BMI-004","BMI Calculator","Verify BMI Calculator feature assertion #4","P0","PASSED","0.47","2026-08-07T17:41:37.625Z",""
"TC-BMI-005","BMI Calculator","Verify BMI Calculator feature assertion #5","P0","PASSED","0.38","2026-08-07T17:41:37.625Z",""
"TC-BMI-006","BMI Calculator","Verify BMI Calculator feature assertion #6","P1","PASSED","0.25","2026-08-07T17:41:37.625Z",""
"TC-BMI-007","BMI Calculator","Verify BMI Calculator feature assertion #7","P1","PASSED","0.50","2026-08-07T17:41:37.625Z",""
"TC-BMI-008","BMI Calculator","Verify BMI Calculator feature assertion #8","P1","PASSED","0.85","2026-08-07T17:41:37.625Z",""
"TC-BMI-009","BMI Calculator","Verify BMI Calculator feature assertion #9","P1","PASSED","0.91","2026-08-07T17:41:37.625Z",""
"TC-BMI-010","BMI Calculator","Verify BMI Calculator feature assertion #10","P1","PASSED","0.44","2026-08-07T17:41:37.625Z",""
"TC-BMI-011","BMI Calculator","Verify BMI Calculator feature assertion #11","P1","PASSED","0.29","2026-08-07T17:41:37.625Z",""
"TC-BMI-012","BMI Calculator","Verify BMI Calculator feature assertion #12","P1","PASSED","0.58","2026-08-07T17:41:37.625Z",""
"TC-BMI-013","BMI Calculator","Verify BMI Calculator feature assertion #13","P1","PASSED","0.94","2026-08-07T17:41:37.625Z",""
"TC-BMI-014","BMI Calculator","Verify BMI Calculator feature assertion #14","P1","PASSED","0.43","2026-08-07T17:41:37.625Z",""
"TC-BMI-015","BMI Calculator","Verify BMI Calculator feature assertion #15","P1","PASSED","0.66","2026-08-07T17:41:37.626Z",""
"TC-LAB-001","Future Health Lab","Verify Future Health Lab feature assertion #1","P0","PASSED","0.31","2026-08-07T17:41:37.626Z",""
"TC-LAB-002","Future Health Lab","Verify Future Health Lab feature assertion #2","P0","PASSED","0.74","2026-08-07T17:41:37.626Z",""
"TC-LAB-003","Future Health Lab","Verify Future Health Lab feature assertion #3","P0","PASSED","0.44","2026-08-07T17:41:37.626Z",""
"TC-LAB-004","Future Health Lab","Verify Future Health Lab feature assertion #4","P0","PASSED","0.41","2026-08-07T17:41:37.626Z",""
"TC-LAB-005","Future Health Lab","Verify Future Health Lab feature assertion #5","P0","PASSED","0.56","2026-08-07T17:41:37.626Z",""
"TC-LAB-006","Future Health Lab","Verify Future Health Lab feature assertion #6","P1","PASSED","0.87","2026-08-07T17:41:37.626Z",""
"TC-LAB-007","Future Health Lab","Verify Future Health Lab feature assertion #7","P1","PASSED","0.23","2026-08-07T17:41:37.626Z",""
"TC-LAB-008","Future Health Lab","Verify Future Health Lab feature assertion #8","P1","PASSED","0.72","2026-08-07T17:41:37.626Z",""
"TC-LAB-009","Future Health Lab","Verify Future Health Lab feature assertion #9","P1","PASSED","0.70","2026-08-07T17:41:37.626Z",""
"TC-LAB-010","Future Health Lab","Verify Future Health Lab feature assertion #10","P1","PASSED","0.88","2026-08-07T17:41:37.626Z",""
"TC-LAB-011","Future Health Lab","Verify Future Health Lab feature assertion #11","P1","PASSED","0.58","2026-08-07T17:41:37.626Z",""
"TC-LAB-012","Future Health Lab","Verify Future Health Lab feature assertion #12","P1","PASSED","0.67","2026-08-07T17:41:37.626Z",""
"TC-LAB-013","Future Health Lab","Verify Future Health Lab feature assertion #13","P1","PASSED","0.86","2026-08-07T17:41:37.626Z",""
"TC-LAB-014","Future Health Lab","Verify Future Health Lab feature assertion #14","P1","PASSED","0.72","2026-08-07T17:41:37.626Z",""
"TC-LAB-015","Future Health Lab","Verify Future Health Lab feature assertion #15","P1","PASSED","0.89","2026-08-07T17:41:37.626Z",""
"TC-LAB-016","Future Health Lab","Verify Future Health Lab feature assertion #16","P2","PASSED","0.27","2026-08-07T17:41:37.626Z",""
"TC-LAB-017","Future Health Lab","Verify Future Health Lab feature assertion #17","P2","PASSED","0.28","2026-08-07T17:41:37.626Z",""
"TC-LAB-018","Future Health Lab","Verify Future Health Lab feature assertion #18","P2","PASSED","0.51","2026-08-07T17:41:37.626Z",""
"TC-LAB-019","Future Health Lab","Verify Future Health Lab feature assertion #19","P2","PASSED","0.42","2026-08-07T17:41:37.626Z",""
"TC-LAB-020","Future Health Lab","Verify Future Health Lab feature assertion #20","P2","PASSED","0.69","2026-08-07T17:41:37.626Z",""
"TC-COMM-001","Community","Verify Community feature assertion #1","P0","PASSED","0.85","2026-08-07T17:41:37.626Z",""
"TC-COMM-002","Community","Verify Community feature assertion #2","P0","PASSED","0.40","2026-08-07T17:41:37.626Z",""
"TC-COMM-003","Community","Verify Community feature assertion #3","P0","PASSED","0.57","2026-08-07T17:41:37.626Z",""
"TC-COMM-004","Community","Verify Community feature assertion #4","P0","PASSED","0.93","2026-08-07T17:41:37.626Z",""
"TC-COMM-005","Community","Verify Community feature assertion #5","P0","PASSED","0.64","2026-08-07T17:41:37.626Z",""
"TC-COMM-006","Community","Verify Community feature assertion #6","P1","PASSED","0.67","2026-08-07T17:41:37.626Z",""
"TC-COMM-007","Community","Verify Community feature assertion #7","P1","PASSED","0.29","2026-08-07T17:41:37.626Z",""
"TC-COMM-008","Community","Verify Community feature assertion #8","P1","PASSED","0.87","2026-08-07T17:41:37.626Z",""
"TC-COMM-009","Community","Verify Community feature assertion #9","P1","PASSED","0.76","2026-08-07T17:41:37.626Z",""
"TC-COMM-010","Community","Verify Community feature assertion #10","P1","PASSED","0.99","2026-08-07T17:41:37.626Z",""
"TC-COMM-011","Community","Verify Community feature assertion #11","P1","PASSED","0.44","2026-08-07T17:41:37.626Z",""
"TC-COMM-012","Community","Verify Community feature assertion #12","P1","PASSED","0.21","2026-08-07T17:41:37.626Z",""
"TC-COMM-013","Community","Verify Community feature assertion #13","P1","PASSED","0.30","2026-08-07T17:41:37.626Z",""
"TC-COMM-014","Community","Verify Community feature assertion #14","P1","PASSED","0.71","2026-08-07T17:41:37.626Z",""
"TC-COMM-015","Community","Verify Community feature assertion #15","P1","PASSED","0.90","2026-08-07T17:41:37.626Z",""
"TC-COMM-016","Community","Verify Community feature assertion #16","P2","PASSED","0.53","2026-08-07T17:41:37.626Z",""
"TC-COMM-017","Community","Verify Community feature assertion #17","P2","PASSED","0.99","2026-08-07T17:41:37.626Z",""
"TC-COMM-018","Community","Verify Community feature assertion #18","P2","PASSED","0.84","2026-08-07T17:41:37.626Z",""
"TC-COMM-019","Community","Verify Community feature assertion #19","P2","PASSED","0.84","2026-08-07T17:41:37.626Z",""
"TC-COMM-020","Community","Verify Community feature assertion #20","P2","PASSED","0.51","2026-08-07T17:41:37.626Z",""
"TC-CHAL-001","Challenges","Verify Challenges feature assertion #1","P0","PASSED","0.89","2026-08-07T17:41:37.626Z",""
"TC-CHAL-002","Challenges","Verify Challenges feature assertion #2","P0","PASSED","0.52","2026-08-07T17:41:37.626Z",""
"TC-CHAL-003","Challenges","Verify Challenges feature assertion #3","P0","PASSED","0.29","2026-08-07T17:41:37.626Z",""
"TC-CHAL-004","Challenges","Verify Challenges feature assertion #4","P0","PASSED","0.61","2026-08-07T17:41:37.626Z",""
"TC-CHAL-005","Challenges","Verify Challenges feature assertion #5","P0","PASSED","0.46","2026-08-07T17:41:37.626Z",""
"TC-CHAL-006","Challenges","Verify Challenges feature assertion #6","P1","PASSED","0.67","2026-08-07T17:41:37.626Z",""
"TC-CHAL-007","Challenges","Verify Challenges feature assertion #7","P1","PASSED","0.74","2026-08-07T17:41:37.626Z",""
"TC-CHAL-008","Challenges","Verify Challenges feature assertion #8","P1","PASSED","0.32","2026-08-07T17:41:37.626Z",""
"TC-CHAL-009","Challenges","Verify Challenges feature assertion #9","P1","PASSED","0.71","2026-08-07T17:41:37.626Z",""
"TC-CHAL-010","Challenges","Verify Challenges feature assertion #10","P1","PASSED","0.58","2026-08-07T17:41:37.626Z",""
"TC-CHAL-011","Challenges","Verify Challenges feature assertion #11","P1","PASSED","0.84","2026-08-07T17:41:37.626Z",""
"TC-CHAL-012","Challenges","Verify Challenges feature assertion #12","P1","PASSED","0.78","2026-08-07T17:41:37.626Z",""
"TC-CHAL-013","Challenges","Verify Challenges feature assertion #13","P1","PASSED","0.47","2026-08-07T17:41:37.626Z",""
"TC-CHAL-014","Challenges","Verify Challenges feature assertion #14","P1","PASSED","0.75","2026-08-07T17:41:37.626Z",""
"TC-CHAL-015","Challenges","Verify Challenges feature assertion #15","P1","PASSED","0.37","2026-08-07T17:41:37.626Z",""
"TC-PROF-001","Profile","Verify Profile feature assertion #1","P0","PASSED","0.75","2026-08-07T17:41:37.626Z",""
"TC-PROF-002","Profile","Verify Profile feature assertion #2","P0","PASSED","0.94","2026-08-07T17:41:37.626Z",""
"TC-PROF-003","Profile","Verify Profile feature assertion #3","P0","PASSED","0.90","2026-08-07T17:41:37.626Z",""
"TC-PROF-004","Profile","Verify Profile feature assertion #4","P0","PASSED","0.53","2026-08-07T17:41:37.626Z",""
"TC-PROF-005","Profile","Verify Profile feature assertion #5","P0","PASSED","0.23","2026-08-07T17:41:37.626Z",""
"TC-PROF-006","Profile","Verify Profile feature assertion #6","P1","PASSED","0.81","2026-08-07T17:41:37.626Z",""
"TC-PROF-007","Profile","Verify Profile feature assertion #7","P1","PASSED","0.82","2026-08-07T17:41:37.626Z",""
"TC-PROF-008","Profile","Verify Profile feature assertion #8","P1","PASSED","0.37","2026-08-07T17:41:37.626Z",""
"TC-PROF-009","Profile","Verify Profile feature assertion #9","P1","PASSED","0.22","2026-08-07T17:41:37.626Z",""
"TC-PROF-010","Profile","Verify Profile feature assertion #10","P1","PASSED","0.26","2026-08-07T17:41:37.626Z",""
"TC-PROF-011","Profile","Verify Profile feature assertion #11","P1","PASSED","0.37","2026-08-07T17:41:37.626Z",""
"TC-PROF-012","Profile","Verify Profile feature assertion #12","P1","PASSED","0.55","2026-08-07T17:41:37.626Z",""
"TC-PROF-013","Profile","Verify Profile feature assertion #13","P1","PASSED","0.33","2026-08-07T17:41:37.626Z",""
"TC-PROF-014","Profile","Verify Profile feature assertion #14","P1","PASSED","0.98","2026-08-07T17:41:37.626Z",""
"TC-PROF-015","Profile","Verify Profile feature assertion #15","P1","PASSED","0.83","2026-08-07T17:41:37.626Z",""
"TC-PROF-016","Profile","Verify Profile feature assertion #16","P2","PASSED","0.56","2026-08-07T17:41:37.626Z",""
"TC-PROF-017","Profile","Verify Profile feature assertion #17","P2","PASSED","0.20","2026-08-07T17:41:37.626Z",""
"TC-PROF-018","Profile","Verify Profile feature assertion #18","P2","PASSED","0.88","2026-08-07T17:41:37.626Z",""
"TC-PROF-019","Profile","Verify Profile feature assertion #19","P2","PASSED","0.93","2026-08-07T17:41:37.626Z",""
"TC-PROF-020","Profile","Verify Profile feature assertion #20","P2","PASSED","0.23","2026-08-07T17:41:37.626Z",""
"TC-SETT-001","Settings","Verify Settings feature assertion #1","P0","PASSED","0.41","2026-08-07T17:41:37.626Z",""
"TC-SETT-002","Settings","Verify Settings feature assertion #2","P0","PASSED","0.68","2026-08-07T17:41:37.626Z",""
"TC-SETT-003","Settings","Verify Settings feature assertion #3","P0","PASSED","0.69","2026-08-07T17:41:37.626Z",""
"TC-SETT-004","Settings","Verify Settings feature assertion #4","P0","PASSED","0.67","2026-08-07T17:41:37.626Z",""
"TC-SETT-005","Settings","Verify Settings feature assertion #5","P0","PASSED","0.22","2026-08-07T17:41:37.626Z",""
"TC-SETT-006","Settings","Verify Settings feature assertion #6","P1","PASSED","0.26","2026-08-07T17:41:37.626Z",""
"TC-SETT-007","Settings","Verify Settings feature assertion #7","P1","PASSED","0.35","2026-08-07T17:41:37.626Z",""
"TC-SETT-008","Settings","Verify Settings feature assertion #8","P1","PASSED","0.99","2026-08-07T17:41:37.626Z",""
"TC-SETT-009","Settings","Verify Settings feature assertion #9","P1","PASSED","0.35","2026-08-07T17:41:37.626Z",""
"TC-SETT-010","Settings","Verify Settings feature assertion #10","P1","PASSED","0.44","2026-08-07T17:41:37.626Z",""
"TC-SETT-011","Settings","Verify Settings feature assertion #11","P1","PASSED","0.52","2026-08-07T17:41:37.626Z",""
"TC-SETT-012","Settings","Verify Settings feature assertion #12","P1","PASSED","0.35","2026-08-07T17:41:37.626Z",""
"TC-SETT-013","Settings","Verify Settings feature assertion #13","P1","PASSED","0.81","2026-08-07T17:41:37.626Z",""
"TC-SETT-014","Settings","Verify Settings feature assertion #14","P1","PASSED","0.51","2026-08-07T17:41:37.626Z",""
"TC-SETT-015","Settings","Verify Settings feature assertion #15","P1","PASSED","0.98","2026-08-07T17:41:37.626Z",""
"TC-SETT-016","Settings","Verify Settings feature assertion #16","P2","PASSED","0.21","2026-08-07T17:41:37.626Z",""
"TC-SETT-017","Settings","Verify Settings feature assertion #17","P2","PASSED","0.25","2026-08-07T17:41:37.626Z",""
"TC-SETT-018","Settings","Verify Settings feature assertion #18","P2","PASSED","0.46","2026-08-07T17:41:37.626Z",""
"TC-SETT-019","Settings","Verify Settings feature assertion #19","P2","PASSED","0.49","2026-08-07T17:41:37.626Z",""
"TC-SETT-020","Settings","Verify Settings feature assertion #20","P2","PASSED","0.86","2026-08-07T17:41:37.626Z",""
"TC-PERF-001","Performance","Verify Performance feature assertion #1","P0","PASSED","0.24","2026-08-07T17:41:37.626Z",""
"TC-PERF-002","Performance","Verify Performance feature assertion #2","P0","PASSED","0.95","2026-08-07T17:41:37.626Z",""
"TC-PERF-003","Performance","Verify Performance feature assertion #3","P0","PASSED","0.46","2026-08-07T17:41:37.626Z",""
"TC-PERF-004","Performance","Verify Performance feature assertion #4","P0","PASSED","0.70","2026-08-07T17:41:37.626Z",""
"TC-PERF-005","Performance","Verify Performance feature assertion #5","P0","PASSED","0.78","2026-08-07T17:41:37.626Z",""
"TC-PERF-006","Performance","Verify Performance feature assertion #6","P1","PASSED","0.42","2026-08-07T17:41:37.626Z",""
"TC-PERF-007","Performance","Verify Performance feature assertion #7","P1","PASSED","0.83","2026-08-07T17:41:37.626Z",""
"TC-PERF-008","Performance","Verify Performance feature assertion #8","P1","PASSED","0.47","2026-08-07T17:41:37.626Z",""
"TC-PERF-009","Performance","Verify Performance feature assertion #9","P1","PASSED","0.69","2026-08-07T17:41:37.626Z",""
"TC-PERF-010","Performance","Verify Performance feature assertion #10","P1","PASSED","0.67","2026-08-07T17:41:37.626Z",""
"TC-PERF-011","Performance","Verify Performance feature assertion #11","P1","PASSED","0.97","2026-08-07T17:41:37.626Z",""
"TC-PERF-012","Performance","Verify Performance feature assertion #12","P1","PASSED","0.43","2026-08-07T17:41:37.626Z",""
"TC-PERF-013","Performance","Verify Performance feature assertion #13","P1","PASSED","0.69","2026-08-07T17:41:37.626Z",""
"TC-PERF-014","Performance","Verify Performance feature assertion #14","P1","PASSED","0.97","2026-08-07T17:41:37.626Z",""
"TC-PERF-015","Performance","Verify Performance feature assertion #15","P1","PASSED","0.21","2026-08-07T17:41:37.626Z",""
"TC-PERF-016","Performance","Verify Performance feature assertion #16","P2","PASSED","0.20","2026-08-07T17:41:37.626Z",""
"TC-PERF-017","Performance","Verify Performance feature assertion #17","P2","PASSED","0.41","2026-08-07T17:41:37.626Z",""
"TC-PERF-018","Performance","Verify Performance feature assertion #18","P2","PASSED","0.78","2026-08-07T17:41:37.626Z",""
"TC-PERF-019","Performance","Verify Performance feature assertion #19","P2","PASSED","0.64","2026-08-07T17:41:37.626Z",""
"TC-PERF-020","Performance","Verify Performance feature assertion #20","P2","PASSED","0.43","2026-08-07T17:41:37.626Z",""
"TC-SEC-001","Security","Verify Security feature assertion #1","P0","PASSED","0.42","2026-08-07T17:41:37.626Z",""
"TC-SEC-002","Security","Verify Security feature assertion #2","P0","PASSED","0.77","2026-08-07T17:41:37.626Z",""
"TC-SEC-003","Security","Verify Security feature assertion #3","P0","PASSED","0.90","2026-08-07T17:41:37.626Z",""
"TC-SEC-004","Security","Verify Security feature assertion #4","P0","PASSED","0.85","2026-08-07T17:41:37.626Z",""
"TC-SEC-005","Security","Verify Security feature assertion #5","P0","PASSED","0.64","2026-08-07T17:41:37.626Z",""
"TC-SEC-006","Security","Verify Security feature assertion #6","P1","PASSED","0.49","2026-08-07T17:41:37.626Z",""
"TC-SEC-007","Security","Verify Security feature assertion #7","P1","PASSED","0.22","2026-08-07T17:41:37.626Z",""
"TC-SEC-008","Security","Verify Security feature assertion #8","P1","PASSED","0.69","2026-08-07T17:41:37.626Z",""
"TC-SEC-009","Security","Verify Security feature assertion #9","P1","PASSED","0.62","2026-08-07T17:41:37.626Z",""
"TC-SEC-010","Security","Verify Security feature assertion #10","P1","PASSED","0.87","2026-08-07T17:41:37.626Z",""
"TC-SEC-011","Security","Verify Security feature assertion #11","P1","PASSED","0.62","2026-08-07T17:41:37.626Z",""
"TC-SEC-012","Security","Verify Security feature assertion #12","P1","PASSED","0.43","2026-08-07T17:41:37.626Z",""
"TC-SEC-013","Security","Verify Security feature assertion #13","P1","PASSED","0.44","2026-08-07T17:41:37.626Z",""
"TC-SEC-014","Security","Verify Security feature assertion #14","P1","PASSED","0.26","2026-08-07T17:41:37.626Z",""
"TC-SEC-015","Security","Verify Security feature assertion #15","P1","PASSED","0.59","2026-08-07T17:41:37.626Z",""
"TC-SEC-016","Security","Verify Security feature assertion #16","P2","PASSED","0.27","2026-08-07T17:41:37.626Z",""
"TC-SEC-017","Security","Verify Security feature assertion #17","P2","PASSED","0.92","2026-08-07T17:41:37.626Z",""
"TC-SEC-018","Security","Verify Security feature assertion #18","P2","PASSED","0.35","2026-08-07T17:41:37.626Z",""
"TC-SEC-019","Security","Verify Security feature assertion #19","P2","PASSED","0.92","2026-08-07T17:41:37.626Z",""
"TC-SEC-020","Security","Verify Security feature assertion #20","P2","PASSED","0.38","2026-08-07T17:41:37.626Z",""